index,n_chrom,n_snps,n_genome_bp,n_missed_bp,f_missed_bp,n_covered_bp,f_covered_bp,avg_coverage,effective_coverage,genome_id,sample_id,n_mapped_reads
GCF_003697165,2,907,5034834,4434980,0.8808592299170142,599854,0.11914077008298585,0.20008206824693725,1.6793753146599006,GCF_003697165,SRR5950647,10900
GCF_902167755,110,7879,4130666,3648145,0.8831856654592746,482521,0.1168143345407254,0.21279304596401646,1.8216347060542444,GCF_902167755,SRR5950647,9664
GCF_000012825,1,900,5163189,4938243,0.9564327395336487,224946,0.04356726046635132,0.0667353064162478,1.5317765152525495,GCF_000012825,SRR5950647,3838
