index,n_chrom,n_snps,n_genome_bp,n_missed_bp,f_missed_bp,n_covered_bp,f_covered_bp,avg_coverage,effective_coverage,genome_id,sample_id,n_mapped_reads
GCF_003697165,2,784,5034834,4434980,0.8808592299170142,599854,0.11914077008298585,0.20018117777070704,1.6802071837480455,GCF_003697165,SRR5950647,10906
GCF_902167755,109,7555,4130666,3648098,0.883174287148852,482568,0.11682571285114797,0.21298720351633368,1.8231192287926261,GCF_902167755,SRR5950647,9673
GCF_000012825,1,806,5163189,4938259,0.956435838393675,224930,0.043564161606325084,0.06679127957547167,1.5331703196550037,GCF_000012825,SRR5950647,3842
