intersect_bp,f_orig_query,f_match,f_unique_to_query,f_unique_weighted,average_abund,median_abund,std_abund,filename,name,md5,f_match_orig,unique_intersect_bp,gather_result_rank,remaining_bp,query_filename,query_name,query_md5,query_bp,ksize,moltype,scaled,query_n_hashes,query_abundance,query_containment_ani,match_containment_ani,average_containment_ani,max_containment_ani,potential_false_negative,n_unique_weighted_found,sum_weighted_found,total_weighted_hashes
384000,0.05063291139240506,0.07819181429444105,0.05063291139240506,0.022073603040602272,1.5729166666666667,1.0,1.0025466704293065,/home/ctbrown/genome-grist/tests/test-data/SRR5950647.x.gtdb-rs202.matches.zip,"GCF_003697165.2 Escherichia coli DSM 30083 = JCM 1649 = ATCC 11775 strain=ATCC 11775, ASM369716v2",60bfe150353edefcbd7db7314951359d,0.07819181429444105,384000,0,424000,outputs.test/abundtrim/SRR5950647.abundtrim.fq.gz,SRR5950647,2544ed29,7584000,31,DNA,1000,7584,True,0.9082544051098609,0.9210761256105962,0.9146652653602285,0.9210761256105962,False,604,604,27363
178000,0.0234704641350211,0.043691703485517916,0.0234704641350211,0.010305887512334173,1.5842696629213484,1.0,1.0090488208146953,/home/ctbrown/genome-grist/tests/test-data/SRR5950647.x.gtdb-rs202.matches.zip,"GCF_902167755.1 Prevotella copri DSM 18205, NZ_Prevotella_copri_PS131S11_mod",a8e3ef6e73ad83051f3fe58f66e6f8ed,0.043691703485517916,178000,1,246000,outputs.test/abundtrim/SRR5950647.abundtrim.fq.gz,SRR5950647,2544ed29,7584000,31,DNA,1000,7584,True,0.886005021234768,0.9039447827359126,0.8949749019853404,0.9039447827359126,False,282,886,27363
141000,0.018591772151898733,0.0278,0.01832805907172996,0.00723604867887293,1.4244604316546763,1.0,0.667632101186773,/home/ctbrown/genome-grist/tests/test-data/SRR5950647.x.gtdb-rs202.matches.zip,"GCF_000012825.1 Bacteroides vulgatus ATCC 8482 strain=ATCC 8482, ASM1282v1",960cc77fc7b96d595712107aaa1524b5,0.0282,139000,2,107000,outputs.test/abundtrim/SRR5950647.abundtrim.fq.gz,SRR5950647,2544ed29,7584000,31,DNA,1000,7584,True,0.8793699856183802,0.8912674291053723,0.8853187073618762,0.8912674291053723,False,198,1084,27363
