index,n_chrom,n_snps,n_genome_bp,n_missed_bp,f_missed_bp,n_covered_bp,f_covered_bp,avg_coverage,effective_coverage,genome_id,sample_id,n_mapped_reads
GCF_003697165,2,768,5034834,4434652,0.8807940837771414,600182,0.11920591622285859,0.2000208944326665,1.6779443568784136,GCF_003697165,SRR5950647,10894
GCF_902167755,114,7295,4130666,3650976,0.8838710270934518,479690,0.11612897290654824,0.21052174153030043,1.8128270341262065,GCF_902167755,SRR5950647,9540
GCF_000012825,1,824,5163189,4946420,0.9580164506858068,216769,0.04198354931419322,0.06405246834853422,1.5256563438499047,GCF_000012825,SRR5950647,3654
