index,n_chrom,n_snps,n_genome_bp,n_missed_bp,f_missed_bp,n_covered_bp,f_covered_bp,avg_coverage,effective_coverage,genome_id,sample_id,n_mapped_reads
GCF_003697165,2,895,5034834,4434668,0.8807972616376231,600166,0.11920273836237699,0.1999060942227688,1.6770260228003586,GCF_003697165,SRR5950647,10887
GCF_902167755,116,7628,4130666,3651023,0.8838824054038743,479643,0.11611759459612567,0.21030773245767148,1.8111616347992152,GCF_902167755,SRR5950647,9530
GCF_000012825,1,920,5163189,4946421,0.9580166443645585,216768,0.04198335563544158,0.06399649518931033,1.5243301594331267,GCF_000012825,SRR5950647,3650
